steady_state_overhead,job_s,setup_s,effective_overhead
0.02,0.1,0.1204362248054,1.224362248054
0.02,0.25,0.1204362248054,0.5017448992216
0.02,0.5,0.1204362248054,0.26087244961080003
0.02,1,0.1204362248054,0.1404362248054
0.02,2,0.1204362248054,0.0802181124027
0.02,5,0.1204362248054,0.044087244961080005
0.02,10,0.1204362248054,0.032043622480540004
0.02,30,0.1204362248054,0.02401454082684667
0.02,60,0.1204362248054,0.022007270413423333
0.02,300,0.1204362248054,0.020401454082684668
0.05,0.1,0.1204362248054,1.254362248054
0.05,0.25,0.1204362248054,0.5317448992216001
0.05,0.5,0.1204362248054,0.2908724496108
0.05,1,0.1204362248054,0.1704362248054
0.05,2,0.1204362248054,0.1102181124027
0.05,5,0.1204362248054,0.07408724496108
0.05,10,0.1204362248054,0.06204362248054
0.05,30,0.1204362248054,0.05401454082684667
0.05,60,0.1204362248054,0.05200727041342334
0.05,300,0.1204362248054,0.05040145408268467
0.07,0.1,0.1204362248054,1.274362248054
0.07,0.25,0.1204362248054,0.5517448992216001
0.07,0.5,0.1204362248054,0.3108724496108
0.07,1,0.1204362248054,0.1904362248054
0.07,2,0.1204362248054,0.1302181124027
0.07,5,0.1204362248054,0.09408724496108001
0.07,10,0.1204362248054,0.08204362248054001
0.07,30,0.1204362248054,0.07401454082684668
0.07,60,0.1204362248054,0.07200727041342334
0.07,300,0.1204362248054,0.07040145408268467
