r,q,V_over_sigmaS,required_audit_rate,attested_price_premium,cost_mode_R,cost_mode_A
3,2,0.0,0.0,1.0,3.0,1.05
3,2,0.0,0.0,1.5,3.0,1.5750000000000002
3,2,0.0,0.0,2.0,3.0,2.1
3,2,0.1,0.047619047619047616,1.0,3.05,1.05
3,2,0.1,0.047619047619047616,1.5,3.075,1.5750000000000002
3,2,0.1,0.047619047619047616,2.0,3.1,2.1
3,2,0.25,0.1111111111111111,1.0,3.1166666666666667,1.05
3,2,0.25,0.1111111111111111,1.5,3.175,1.5750000000000002
3,2,0.25,0.1111111111111111,2.0,3.2333333333333334,2.1
3,2,0.5,0.2,1.0,3.21,1.05
3,2,0.5,0.2,1.5,3.315,1.5750000000000002
3,2,0.5,0.2,2.0,3.42,2.1
3,2,1,0.3333333333333333,1.0,3.35,1.05
3,2,1,0.3333333333333333,1.5,3.525,1.5750000000000002
3,2,1,0.3333333333333333,2.0,3.7,2.1
3,2,2,0.5,1.0,3.525,1.05
3,2,2,0.5,1.5,3.7875,1.5750000000000002
3,2,2,0.5,2.0,4.05,2.1
3,2,4,0.6666666666666666,1.0,3.7,1.05
3,2,4,0.6666666666666666,1.5,4.05,1.5750000000000002
3,2,4,0.6666666666666666,2.0,4.4,2.1
3,2,8,0.8,1.0,3.84,1.05
3,2,8,0.8,1.5,4.26,1.5750000000000002
3,2,8,0.8,2.0,4.68,2.1
5,3,0.0,0.0,1.0,5.0,1.05
5,3,0.0,0.0,1.5,5.0,1.5750000000000002
5,3,0.0,0.0,2.0,5.0,2.1
5,3,0.1,0.03225806451612903,1.0,5.033870967741936,1.05
5,3,0.1,0.03225806451612903,1.5,5.050806451612903,1.5750000000000002
5,3,0.1,0.03225806451612903,2.0,5.067741935483871,2.1
5,3,0.25,0.07692307692307693,1.0,5.0807692307692305,1.05
5,3,0.25,0.07692307692307693,1.5,5.121153846153846,1.5750000000000002
5,3,0.25,0.07692307692307693,2.0,5.161538461538462,2.1
5,3,0.5,0.14285714285714285,1.0,5.15,1.05
5,3,0.5,0.14285714285714285,1.5,5.225,1.5750000000000002
5,3,0.5,0.14285714285714285,2.0,5.3,2.1
5,3,1,0.25,1.0,5.2625,1.05
5,3,1,0.25,1.5,5.39375,1.5750000000000002
5,3,1,0.25,2.0,5.525,2.1
5,3,2,0.4,1.0,5.42,1.05
5,3,2,0.4,1.5,5.63,1.5750000000000002
5,3,2,0.4,2.0,5.84,2.1
5,3,4,0.5714285714285714,1.0,5.6,1.05
5,3,4,0.5714285714285714,1.5,5.9,1.5750000000000002
5,3,4,0.5714285714285714,2.0,6.2,2.1
5,3,8,0.7272727272727273,1.0,5.763636363636364,1.05
5,3,8,0.7272727272727273,1.5,6.1454545454545455,1.5750000000000002
5,3,8,0.7272727272727273,2.0,6.527272727272727,2.1
