primitive,category,median_us,min_us,max_us,ops_per_s,throughput_MiB_s
"BLAKE3, 1 MiB",hash,182.0739666669624,180.4272500000555,188.2689333333095,5492.273378264635,5492.273378264635
"SHA-256, 1 MiB",hash,772.814216666499,764.4555333333377,774.372833333814,1293.9720549053266,1293.9720549053266
"BLAKE3, 64 B",hash,0.4109972500003778,0.4006850999985545,0.4382014999976036,2433106.3042370253,
"AES-256-GCM encrypt, 1 MiB",symmetric,117.98365000004196,116.15165000004406,136.03043333318965,8475.750665449359,8475.750665449359
"AES-256-GCM decrypt, 1 MiB",symmetric,123.43131666625595,118.42348333364801,130.1368666664378,8101.6716584485985,8101.6716584485985
Ed25519 sign,signature,38.1498906666593,37.458485666661545,40.80929933333739,26212.394911892618,
Ed25519 verify,signature,122.20833133333524,118.80889766666769,123.26160866666667,8182.748173464555,
ML-DSA-65 keygen,signature (PQ),270.15728200001377,267.9685680000148,285.2134999999407,3701.5474563441494,
ML-DSA-65 sign,signature (PQ),10197.02789400003,10146.683040000085,10346.35004200004,98.06779096764106,
ML-DSA-65 verify,signature (PQ),216.98493700000654,216.16144199998644,217.91392500000484,4608.614836706245,
Hybrid Ed25519 + ML-DSA-65 sign,signature (hybrid),10282.624852000026,10191.613608000012,10441.721710000025,97.25143281926643,
X25519 key exchange,key exchange,38.83389433334135,38.261874333329615,39.58280133334332,25750.70095767956,
ML-KEM-768 keygen,key exchange (PQ),67.58944850000148,67.22887800000876,70.32982799998422,14795.20875214684,
ML-KEM-768 encapsulate,key exchange (PQ),79.65950999999905,78.3810654999968,83.83336399998598,12553.428962844637,
ML-KEM-768 decapsulate,key exchange (PQ),98.83279849998416,98.31237400001669,101.08893649999118,10118.098598616129,
"Hybrid X25519 + ML-KEM-768 (one side, full)",key exchange (hybrid),215.43312000000014,214.12814299998217,217.75253799995653,4641.811806838239,
"HKDF-SHA256, 32 B output",kdf,3.8067483999952856,3.771254000002955,4.0194215999918015,262691.3824935839,
"Merkle root (BLAKE3), 1024 leaves",commitment,875.7179999993998,873.5899000006006,882.1923999998186,1141.920115837159,
"Merkle root (BLAKE3), 65536 leaves",commitment,60180.771333326295,58450.12500001682,61344.600999992355,16.616603241278668,
Ledger ID derivation (Eq. 2-3),identity,9.183358333340644,9.081310666658737,9.370340333343089,108892.62551908159,
