r,q,rho,p_eq6,p_sim_uniform,p_sim_stake_weighted,trials_uniform,trials_stake
3,2,0.02,0.0011840000000000002,0.00115,0.00075,400000,8000
3,2,0.05,0.007250000000000001,0.0069725,0.009,400000,8000
3,2,0.1,0.028000000000000008,0.0279675,0.028125,400000,8000
3,2,0.15,0.06075,0.0599275,0.058625,400000,8000
3,2,0.2,0.10400000000000004,0.103585,0.09675,400000,8000
3,2,0.25,0.15625,0.1557525,0.154,400000,8000
3,2,0.3,0.216,0.2148225,0.211625,400000,8000
3,2,0.35,0.28174999999999994,0.282465,0.273,400000,8000
3,2,0.4,0.35200000000000004,0.35141,0.3565,400000,8000
5,3,0.02,7.76192e-05,6.5e-05,0.000125,400000,8000
5,3,0.05,0.0011581250000000003,0.0010925,0.000875,400000,8000
5,3,0.1,0.008560000000000002,0.008435,0.007875,400000,8000
5,3,0.15,0.026611874999999993,0.02614,0.026375,400000,8000
5,3,0.2,0.05792000000000003,0.056925,0.062375,400000,8000
5,3,0.25,0.103515625,0.10348,0.1025,400000,8000
5,3,0.3,0.16307999999999995,0.16264,0.168375,400000,8000
5,3,0.35,0.23516937499999999,0.235825,0.234,400000,8000
5,3,0.4,0.3174400000000001,0.3175975,0.31425,400000,8000
7,5,0.02,6.497919999999999e-08,0.0,0.0,400000,8000
7,5,0.05,6.027343750000001e-06,2.5e-06,0.0,400000,8000
7,5,0.1,0.00017650000000000006,0.0001575,0.0,400000,8000
7,5,0.15,0.0012216445312499993,0.0011725,0.002,400000,8000
7,5,0.2,0.0046720000000000025,0.004665,0.0045,400000,8000
7,5,0.25,0.01287841796875,0.01241,0.010875,400000,8000
7,5,0.3,0.028795499999999988,0.027835,0.02775,400000,8000
7,5,0.35,0.055607535156249985,0.0549975,0.050375,400000,8000
7,5,0.4,0.09625600000000002,0.0952525,0.095875,400000,8000
