identities_per_machine,rho_identities,p_without_rule,p_with_distinct_machine_rule,trials
1,0.1,0.0277,0.0277,30000
1,0.2,0.1033,0.1033,30000
1,0.3,0.21533333333333332,0.21533333333333332,30000
2,0.1,0.0291,0.0288,30000
2,0.2,0.10353333333333334,0.1029,30000
2,0.3,0.21453333333333333,0.21416666666666667,30000
4,0.1,0.0277,0.027133333333333332,30000
4,0.2,0.10443333333333334,0.10333333333333333,30000
4,0.3,0.21543333333333334,0.2144,30000
8,0.1,0.027966666666666667,0.0258,30000
8,0.2,0.10256666666666667,0.10006666666666666,30000
8,0.3,0.21803333333333333,0.21496666666666667,30000
