pi,V_over_sigmaS,profit_per_unit_coordinating,profit_per_unit_naive,wrong_accept_rate_coordinating,rho,r,q,breakeven_theory
0.0,0.05,0.0013885000000000002,-0.24080574999999996,0.02777,0.1,3,2,0.0
0.0,0.1,0.0028157500000000005,-0.23997125,0.0281575,0.1,3,2,0.0
0.0,0.2,0.0055085,-0.2369135,0.0275425,0.1,3,2,0.0
0.0,0.3,0.008268,-0.2344055,0.02756,0.1,3,2,0.0
0.0,0.5,0.0140125,-0.2293475,0.028025,0.1,3,2,0.0
0.0,0.75,0.02072625,-0.22256375,0.027635,0.1,3,2,0.0
0.0,1.0,0.0280675,-0.2144325,0.0280675,0.1,3,2,0.0
0.0,1.5,0.041985,-0.2002375,0.02799,0.1,3,2,0.0
0.0,2.0,0.055945,-0.1862775,0.0279725,0.1,3,2,0.0
0.0,3.0,0.08376,-0.158595,0.02792,0.1,3,2,0.0
0.05,0.05,-0.001674375,-0.245169125,0.0265625,0.1,3,2,0.10526315789473685
0.05,0.1,-5.149999999999972e-05,-0.24347075,0.02621,0.1,3,2,0.10526315789473685
0.05,0.2,0.0023225000000000003,-0.23989549999999998,0.0263875,0.1,3,2,0.10526315789473685
0.05,0.3,0.00533275,-0.23798049999999998,0.0267175,0.1,3,2,0.10526315789473685
0.05,0.5,0.01060125,-0.232155,0.0269625,0.1,3,2,0.10526315789473685
0.05,0.75,0.0169075,-0.22621,0.02639,0.1,3,2,0.10526315789473685
0.05,1.0,0.0235975,-0.219495,0.0265425,0.1,3,2,0.10526315789473685
0.05,1.5,0.03701875,-0.20643375,0.0266475,0.1,3,2,0.10526315789473685
0.05,2.0,0.049815,-0.192785,0.02637,0.1,3,2,0.10526315789473685
0.05,3.0,0.07814,-0.1655025,0.0270025,0.1,3,2,0.10526315789473685
0.1,0.05,-0.0046802499999999995,-0.24767150000000002,0.024795,0.1,3,2,0.22222222222222224
0.1,0.1,-0.0031782499999999992,-0.24661800000000003,0.0252675,0.1,3,2,0.22222222222222224
0.1,0.2,-0.00045999999999999985,-0.24343150000000002,0.025675,0.1,3,2,0.22222222222222224
0.1,0.3,0.00214875,-0.24242224999999998,0.0252375,0.1,3,2,0.22222222222222224
0.1,0.5,0.0066175,-0.23647,0.0253,0.1,3,2,0.22222222222222224
0.1,0.75,0.01294125,-0.22903,0.024905,0.1,3,2,0.22222222222222224
0.1,1.0,0.0193025,-0.223355,0.0250875,0.1,3,2,0.22222222222222224
0.1,1.5,0.032425,-0.21121625,0.02532,0.1,3,2,0.22222222222222224
0.1,2.0,0.044035,-0.1970775,0.0248,0.1,3,2,0.22222222222222224
0.1,3.0,0.0715525,-0.17174,0.0258075,0.1,3,2,0.22222222222222224
0.2,0.05,-0.010289875000000002,-0.2550065,0.0220025,0.1,3,2,0.5
0.2,0.1,-0.00898525,-0.2520315,0.0227975,0.1,3,2,0.5
0.2,0.2,-0.007096500000000001,-0.2502545,0.0223925,0.1,3,2,0.5
0.2,0.3,-0.0049805,-0.24702199999999996,0.022215,0.1,3,2,0.5
0.2,0.5,-0.00014,-0.24487875,0.022425,0.1,3,2,0.5
0.2,0.75,0.00494125,-0.23825875,0.022195,0.1,3,2,0.5
0.2,1.0,0.01091,-0.2317375,0.0226975,0.1,3,2,0.5
0.2,1.5,0.02263,-0.2214275,0.022465,0.1,3,2,0.5
0.2,2.0,0.0322775,-0.2102475,0.021925,0.1,3,2,0.5
0.2,3.0,0.0569575,-0.18567,0.0226725,0.1,3,2,0.5
